Model,Accuracy,Precision,Recall,F1 Score
Logistic Regression,0.6504,0.0,0.0,0.0
Random Forest,0.6492,0.3588235294117647,0.004362128146453089,0.008619471527483397
